client_id,y
2260178,yes
7919588,yes
3688831,yes
5564829,yes
1455191,yes
4396066,yes
2520552,yes
5249270,no
5826757,yes
7145393,yes
7802324,yes
5911727,no
4708241,yes
2803029,no
1714669,yes
8363978,yes
6049432,yes
8753783,yes
2709276,yes
1796453,no
2787813,no
5296071,yes
1531623,yes
9041697,yes
5943150,no
1681184,yes
5865182,yes
3396092,yes
6573033,yes
9959002,no
3164379,yes
4534414,yes
4450315,yes
4636798,yes
5819321,no
3434263,no
6697524,yes
4371451,yes
8393824,no
4505113,yes
7601088,yes
6676483,yes
7034537,yes
4276385,yes
3011542,yes
8923311,yes
5122963,yes
6739138,yes
4040630,yes
9530855,yes
3779072,yes
7969205,yes
6749095,yes
2662658,yes
1797385,no
9122890,no
4901592,yes
5007297,yes
1452034,yes
1401367,yes
9194125,yes
9806017,no
1201249,no
4181873,yes
7032557,yes
2880899,yes
3184611,yes
4032411,yes
7093371,yes
9126490,yes
5943436,yes
4460660,yes
1681974,yes
2964171,yes
5361888,yes
3768594,yes
1762520,no
1611838,yes
3054039,no
9667932,no
5796899,yes
7865627,yes
6233854,no
5474814,yes
1424310,yes
6085426,yes
7778238,no
2314570,no
2658021,yes
6733706,yes
1862195,yes
4536773,no
7038090,no
3997656,yes
2008548,yes
2760412,no
9886981,yes
8810972,yes
3540269,yes
9594434,yes
7156689,yes
1851979,yes
2667181,no
8697229,yes
5616656,yes
2453419,no
5507831,no
9832548,yes
7557329,yes
8122428,yes
4963593,yes
7951997,yes
2109610,yes
7547189,yes
5202846,yes
2686776,yes
6092455,yes
6687551,yes
7452001,yes
7401599,yes
2228954,yes
5174042,yes
8572537,yes
9499590,no
5811346,yes
7413022,yes
8440249,yes
2384789,yes
3556721,yes
9532345,yes
3316040,yes
3733203,yes
8430898,yes
1071442,no
6956142,yes
9368774,yes
6076005,no
8711556,yes
5207944,yes
2060611,yes
3859730,yes
7879328,no
3993179,yes
1450937,yes
7670609,yes
6450075,no
5597209,yes
6347594,yes
2122679,yes
1311373,yes
2326586,yes
4058286,yes
6963260,no
6591815,no
7255639,yes
3618519,no
3249397,no
3517921,yes
6616566,yes
5678845,yes
9840250,yes
6803896,no
9816058,yes
6521353,yes
4692121,yes
8736350,no
5457822,yes
8753500,no
6712035,yes
9191540,yes
9234097,no
8509042,yes
8108545,yes
8947110,no
5911724,no
1187004,no
7360489,no
9966684,yes
7454895,no
3863795,yes
4039632,no
4479107,no
2446900,yes
1879774,yes
9311086,yes
9438879,no
2500624,yes
9036935,yes
7789458,yes
4326103,yes
6768125,yes
1840252,no
3263722,yes
8944174,no
2915169,no
7326228,yes
8751163,yes
2405770,yes
8617723,yes
4568278,yes
4949347,yes
6336813,yes
2813731,no
2696776,yes
1768304,yes
9897052,no
9424891,yes
3253315,yes
6360133,yes
3062795,yes
3561331,yes
6397148,yes
5768711,yes
8864331,no
9843406,no
5258496,yes
6089402,no
6644510,yes
2745318,yes
1532243,yes
5553909,yes
1851832,no
1307047,no
4973166,yes
5053452,yes
9476015,no
9407107,yes
2639570,yes
3186030,no
5861223,yes
6516868,yes
9717394,yes
9939273,no
8247027,yes
8567338,yes
4812148,yes
7281092,yes
2509315,no
8927684,yes
1551627,yes
8626088,yes
7564577,yes
5050162,no
8065420,no
1607730,yes
8949688,yes
4172200,yes
1148406,yes
6603593,yes
7160585,yes
9419632,yes
1465989,yes
3365116,yes
6824432,yes
8572826,yes
2832361,no
2454105,yes
6521768,no
6523159,yes
5713161,yes
3081644,yes
6777432,no
2272588,yes
8601036,yes
9819599,yes
9240400,yes
4945939,yes
7822207,yes
2211343,no
9036300,no
9349125,yes
7262613,no
9989112,yes
8837559,no
7731744,yes
9998701,yes
2077142,no
5916272,yes
7725016,yes
8175511,yes
2111949,yes
2394946,yes
2762649,yes
5017299,yes
4188340,no
9429886,yes
8224627,yes
3824715,yes
8463516,yes
5139028,yes
7207397,no
8600579,yes
9696322,yes
8289945,yes
2547655,yes
1566770,yes
2926555,yes
1230150,yes
7902665,yes
8210468,yes
8218678,no
4070319,yes
3505862,yes
6415103,no
5630112,yes
1209344,no
8643066,yes
1692345,yes
9675573,yes
5953651,yes
4048669,yes
2733974,no
3829353,no
3597502,yes
3054517,yes
8034922,yes
8213229,yes
4169675,yes
6494959,yes
3980292,no
4028972,yes
5300499,yes
6902719,yes
3349571,no
3391152,yes
3992721,no
5818806,no
5475666,yes
4221794,yes
7823257,no
1830236,yes
3538667,yes
6971164,yes
6089964,yes
2791569,yes
8646189,no
1968085,yes
2905196,yes
2113265,yes
2987604,no
8296988,no
6411987,yes
1625553,no
5712332,yes
1397071,no
3668247,yes
9777830,no
9593067,no
2580600,yes
1799870,no
5537408,yes
8223515,yes
5736299,yes
5249919,no
9301943,no
1391971,yes
2049167,no
9594717,yes
9255956,yes
4945683,yes
2329235,yes
4759915,yes
6171372,yes
5295523,yes
2566195,yes
6371782,yes
1721158,yes
8917404,yes
1875832,yes
7701997,yes
8581319,yes
7112571,no
1446802,yes
2159261,no
9209462,yes
7966878,yes
2650009,no
2200507,yes
3863363,yes
7040489,yes
8917753,yes
5600328,no
6078581,yes
8303996,yes
6007372,no
6792770,yes
6447387,yes
7237787,yes
8773791,no
3748812,no
7608885,yes
1159548,yes
7246369,yes
9398236,yes
5544685,yes
9872896,yes
6606356,yes
8726262,yes
3216861,no
7289709,yes
1328170,yes
5532423,no
2732272,yes
7891675,no
2121630,yes
4664555,no
1760752,yes
9736773,yes
4640076,no
2060992,yes
7498281,yes
9031338,yes
6268992,yes
1597800,no
6621163,yes
2377321,yes
9931444,yes
4796553,yes
8605554,yes
4433530,yes
2180711,yes
9893597,yes
9314410,yes
3276429,no
6030598,yes
9138343,no
6603855,yes
5666319,yes
3415052,yes
4844339,yes
1327207,no
9221443,yes
8433702,yes
9125988,yes
4317832,yes
7682624,yes
9844107,yes
7974201,yes
4678420,yes
8277705,yes
6133659,yes
8559160,no
4212070,yes
9040534,yes
5434825,yes
7541235,yes
6400827,no
1682847,yes
4827348,yes
9041950,yes
5311873,yes
3423764,yes
1257253,no
8495198,yes
5695734,no
6894758,no
8134279,yes
1419693,no
7805854,yes
9941960,yes
2395454,no
2147286,yes
3265983,yes
6706409,no
9717539,no
3221160,yes
7880822,yes
1346361,yes
1449287,yes
9647402,yes
5254619,yes
5774262,no
9143152,no
3977921,yes
4264391,no
1339453,yes
2901161,yes
8900167,yes
1275607,yes
2971117,yes
7902138,yes
2624326,yes
2186850,yes
7739413,yes
1150954,yes
6110829,no
5145434,no
9055416,yes
8991814,no
9685884,yes
9394010,no
9933155,yes
2107653,no
2515190,no
6964527,yes
1028474,yes
8376527,yes
1473312,no
7130169,yes
2808801,yes
4032977,no
7953754,no
9729537,yes
5152190,no
2148111,no
7581499,yes
1837553,yes
9952425,yes
8512763,yes
1165815,yes
5920451,yes
7387459,yes
6181535,no
4137767,yes
6630973,yes
7803743,no
4850985,no
5547002,yes
1088167,yes
7256091,yes
8320706,yes
4469707,no
4482063,yes
4974979,yes
2468093,yes
1961029,yes
2724840,yes
8141808,yes
6011663,yes
3718035,no
2364639,no
6618281,yes
9554375,yes
7653076,yes
2221557,yes
2461843,yes
6682134,no
9665338,yes
9865622,yes
2722843,yes
9666511,yes
3874810,yes
2505544,no
3673691,no
2509393,yes
6260741,yes
7270280,no
6145792,yes
2812436,yes
8827561,yes
9717851,yes
7635442,yes
7915433,yes
4477990,yes
3321465,yes
3022681,yes
9353447,yes
7508517,yes
1979287,yes
2587225,no
1390551,no
8702327,no
7733651,no
8165129,no
6677054,no
2402145,no
9685467,yes
3847667,yes
3706070,yes
8035431,yes
3221446,yes
7982761,yes
9580293,yes
2144802,no
7017232,no
3056870,yes
8405465,yes
4435615,no
2447778,no
6878854,no
3425063,yes
5414438,yes
5562021,yes
4361522,yes
3705118,no
4220046,yes
5743732,no
2624729,yes
1214079,yes
3847139,yes
4583900,yes
2635350,no
2750793,yes
4715268,yes
8824899,yes
4838190,no
7285181,yes
6890514,yes
5462337,yes
8555523,yes
7194652,yes
7399961,yes
7844297,yes
6964317,no
3044602,yes
3804714,yes
2974052,yes
3141997,yes
7956934,no
4936856,yes
4669464,no
4732523,yes
2737027,yes
6736612,yes
7763954,yes
5100282,yes
3141911,no
6691291,yes
3880424,yes
1820892,yes
3930349,yes
2768894,yes
8122759,yes
1278217,yes
5152498,yes
3264174,yes
2887201,yes
2026161,yes
7196435,yes
2485586,yes
3191768,no
3765354,yes
7266374,yes
8489111,yes
5178397,no
1606194,yes
6822554,yes
6385215,yes
6390185,yes
5285988,yes
4117903,yes
9809301,no
3823964,yes
9911110,yes
7169131,yes
5493067,yes
5562315,yes
6062875,yes
2032627,yes
9771688,no
4128433,yes
7491879,no
3566265,yes
7711769,yes
4630164,yes
4419789,yes
6748269,no
2997278,yes
3931588,yes
8472226,yes
5940240,yes
1423397,yes
8303767,yes
6057380,yes
2891480,no
8883908,yes
7854096,no
4183581,yes
6931385,yes
3714685,yes
8972872,no
7456841,yes
7228246,no
2081687,yes
4696605,yes
8298616,yes
2109906,no
6059109,yes
9601003,yes
1913498,yes
1944048,no
7145295,yes
4598821,no
1848578,no
6724188,yes
8796720,no
4408592,yes
8205823,no
8691048,yes
5445294,yes
4701464,yes
2331666,no
2642151,no
9244979,yes
1646683,no
1957138,yes
7952874,yes
8254603,yes
2826147,yes
5782189,yes
1730472,yes
3960758,yes
9683106,no
9011797,yes
2954870,yes
2509717,yes
4103286,no
4183616,no
3293413,yes
4080519,yes
5583846,no
8705463,yes
7215213,yes
4905939,yes
7154440,yes
7993518,yes
7833746,yes
7975971,no
3689223,yes
3123135,yes
4880146,yes
9916539,no
5157064,no
6314540,yes
7301702,yes
6047175,yes
1119250,yes
5930344,no
7227528,no
4813918,yes
7709555,yes
1615402,no
2905910,yes
5476364,yes
8713612,yes
1808259,yes
8822739,yes
1498234,yes
6394358,no
9242961,yes
6738851,yes
8797441,yes
4833485,no
8487705,yes
5284872,yes
4357602,yes
5552362,no
8739923,yes
4654218,no
2178702,yes
5647259,yes
3596510,yes
9139699,no
4407490,yes
9019053,yes
1566855,yes
2925619,yes
3312244,yes
4153801,yes
3538481,yes
6025284,yes
7100932,yes
1499940,yes
6423079,yes
8305651,yes
4483573,no
3367563,yes
8557284,yes
4994462,yes
3674193,no
7272885,yes
3434527,no
7700123,no
3744361,yes
9710956,no
7723131,no
4500205,no
5304477,no
6105631,yes
5612043,yes
4019066,no
8490656,yes
5620618,yes
1863563,yes
9914688,yes
2224089,yes
2503890,yes
6561707,yes
6499843,no
7514671,no
5110026,no
7347729,yes
1175423,yes
8585443,no
8077919,no
5211555,yes
9398118,yes
7543463,yes
7779181,no
8679008,yes
9418925,yes
8621619,yes
8306886,no
5384855,yes
9382160,yes
3980736,no
2225597,no
9020825,yes
8077486,yes
8858337,yes
4932626,yes
6021576,yes
4907377,no
6014751,no
1776546,no
9533812,no
6333833,yes
2815396,yes
6569350,yes
1051630,yes
9579757,no
4450621,yes
1162365,yes
8787465,yes
3648094,yes
4941683,yes
3639207,yes
2540093,yes
1352273,yes
2204428,no
8117826,no
8009123,no
7492926,yes
4345519,no
4271371,yes
4587884,no
6865045,yes
5502991,yes
6518420,yes
6719887,yes
5240730,yes
4767530,yes
2731774,no
9405642,no
7310230,yes
5705577,yes
6402361,no
1341427,yes
5027574,yes
3600720,yes
2580314,yes
2394491,yes
6231559,yes
7868533,yes
6723502,no
5450547,yes
6225913,yes
4656205,yes
3843309,no
8125835,yes
9268923,yes
2060408,no
4498277,yes
2841021,yes
8637607,yes
3669630,no
2421551,no
7533737,yes
6203021,yes
8116673,yes
9984733,no
4071606,no
1024580,yes
2491250,yes
4486932,no
5383062,no
9467000,no
9090446,yes
1985143,yes
4341434,yes
3588042,yes
9749397,no
9812749,yes
4158745,no
5027004,no
1388975,yes
4494843,no
6098012,yes
1880309,no
8380028,yes
4588093,yes
3980234,yes
7314409,yes
4721995,no
7995253,yes
3402275,yes
6837020,yes
3313600,yes
5163091,no
4218548,yes
3345511,yes
6598938,yes
6914423,no
8234425,yes
5793564,yes
6067872,no
1030252,yes
6094555,no
6291703,yes
6530406,no
8691409,no
3775091,yes
7806027,no
3333388,yes
9275616,yes
9710796,yes
2230243,yes
1761907,yes
8254587,yes
4208729,yes
5576757,no
8016814,no
9219966,yes
9878666,no
5763231,yes
4511287,yes
3404641,yes
7620159,yes
3081431,yes
6206693,no
4756741,yes
8588939,yes
4756827,yes
4281543,yes
6043996,no
8071175,yes
7148067,yes
4058498,yes
5079303,yes
5286529,yes
5124434,no
9571454,yes
6995822,yes
5402431,yes
6355630,yes
1642954,yes
9093094,no
4199393,yes
2890746,yes
6643716,yes
2016440,yes
1448881,yes
8347139,no
3319180,yes
7592847,no
4674723,yes
7766077,yes
9732717,yes
9801587,yes
3524880,no
1855236,yes
4392881,no
2833198,yes
1985024,yes
8368984,yes
4635997,no
7779778,yes
1145725,yes
5132840,yes
5385135,yes
5425297,yes
6050748,yes
6960894,no
2458958,yes
1942756,no
2312712,no
1409220,yes
6549091,yes
1560851,yes
7071823,yes
2671550,yes
1191830,no
7726003,no
4768331,no
4589760,yes
5684127,yes
8296240,no
5104298,yes
1872457,no
6866999,yes
6796126,yes
4827249,no
4747119,yes
2232276,no
9241148,yes
8277692,no
7333440,yes
1213123,yes
5673202,no
8738215,no
5789439,yes
4700859,no
6083199,no
5760107,yes
2933314,no
6685136,no
5158786,no
4229186,no
5040925,yes
7071044,yes
7045878,no
6918179,yes
4004576,no
2172167,yes
7488893,no
4979042,yes
3869548,no
3585809,yes
6199471,yes
3949953,yes
7910189,yes
1183326,no
1340371,no
8507509,yes
8525876,yes
8842391,yes
5772943,yes
4650399,yes
6596195,no
7245277,no
5872084,yes
6174826,yes
7974733,yes
7638515,no
4469317,yes
7643762,yes
2923088,yes
4784314,no
7549532,yes
4755302,yes
8778258,no
5712040,no
7204129,no
5870711,yes
9386792,no
8559777,yes
6493457,no
5310194,no
3036640,no
9188803,yes
7019423,no
9061583,no
4383728,no
6139532,yes
7405893,yes
3966385,yes
3450115,yes
6783579,yes
8984941,no
6370783,no
6984308,yes
4789384,no
4896191,yes
4256397,yes
7139216,yes
5786705,yes
8595738,yes
9321739,no
8132612,no
5171727,no
8468656,yes
7056882,yes
4530450,no
3723763,yes
6696554,no
7789670,no
7285831,yes
2919157,no
4873068,yes
3488301,no
3135937,yes
1802959,no
4322500,no
9105237,yes
4631687,yes
3905406,yes
4321502,yes
3205450,yes
2834484,no
1443593,yes
4198348,no
2944428,yes
3973502,yes
7448497,yes
9024874,no
3364548,no
6195983,yes
4576037,yes
4912092,no
6174948,yes
1510406,no
6518247,no
5174527,no
5009062,yes
7370636,yes
1521648,yes
9996707,no
1795355,no
1323645,yes
5596118,yes
1048383,yes
1847460,no
9614433,yes
5897531,yes
6953628,yes
2884931,yes
6392920,yes
1348518,yes
8236478,yes
2799519,yes
2982652,yes
2765256,yes
2552426,yes
6154583,yes
5675450,no
9241437,yes
3183387,no
4785554,yes
7197530,yes
3535034,yes
1703569,no
1207130,no
3428084,yes
5341875,no
2957445,yes
7214313,yes
8981475,no
9805464,yes
3553068,yes
1696965,yes
9754923,no
7986213,no
6402129,yes
5531894,yes
6854730,yes
4926256,no
6568275,yes
1147016,yes
6126260,no
6745751,yes
4020937,yes
1929195,yes
7573199,yes
8480873,no
3080648,yes
2173620,yes
5792170,yes
6648178,yes
7026126,no
2659390,yes
5124098,no
1991532,no
6938026,yes
5922571,no
9731752,yes
6420699,yes
3889454,yes
9632955,yes
5470931,yes
3054649,yes
5863460,yes
6108315,yes
4039132,yes
9708210,no
5259431,yes
6526128,yes
4977060,yes
8259571,no
7214337,yes
2508594,yes
5330410,yes
7805519,no
7464149,no
9214506,no
3261402,yes
2905167,yes
1277380,yes
8042704,yes
8626553,no
1166338,yes
8987243,yes
9232072,yes
2536193,yes
5035128,no
5389084,no
5826235,yes
9686238,yes
9177643,no
7254888,yes
8743463,no
2566011,yes
5250626,no
1836485,no
5007425,yes
2354829,no
6936543,yes
1956303,no
9823922,yes
6245901,no
4231701,yes
5548815,yes
4632110,yes
4640164,yes
8269811,yes
9498879,no
1490846,yes
5335885,yes
5263281,yes
8697560,no
8200663,no
4502165,yes
3831767,yes
3576998,no
6010631,no
2201426,yes
8513009,no
4307587,yes
9864083,no
6889142,yes
4828712,yes
4006866,yes
2528833,yes
1600863,yes
8506814,no
4053681,yes
5517458,no
5172536,yes
5437549,yes
5934804,yes
9470273,yes
8601066,no
4574722,yes
5581886,yes
6665488,no
7844846,yes
7901382,no
6774009,yes
6756729,no
2162312,no
8621194,yes
2279200,yes
6612935,yes
5566963,yes
2176755,yes
9981107,yes
6170624,no
2207931,yes
5871269,no
1489666,no
8459516,yes
2420368,no
4786211,no
4134957,no
6986413,yes
3771415,yes
6556002,no
7102840,no
2643397,yes
6718477,yes
9162219,yes
2168409,no
5249017,yes
2543251,yes
6197148,yes
3352713,no
9588949,no
3225506,yes
5708620,yes
9544436,yes
3293157,yes
7517353,no
9514499,no
9908755,yes
2734421,yes
7449463,yes
5838820,yes
9751103,yes
1372919,yes
9393718,no
6326905,yes
9865880,yes
3912161,yes
2428886,yes
4851554,yes
6760537,no
5082034,yes
9215540,no
7252027,no
3418408,no
2660189,yes
5462753,yes
7081557,no
5973797,yes
1419108,no
5811783,no
7154988,no
8763554,yes
1446015,no
6550997,yes
8900930,no
8450017,yes
8194054,yes
5539939,no
2329506,no
4570861,yes
4040993,no
3964103,yes
6295685,yes
2597370,yes
7947575,yes
4643676,yes
5448776,yes
6507521,yes
4874843,no
3570795,no
3999336,yes
7816404,yes
6751199,yes
4926983,no
6537700,yes
1501556,no
3232718,yes
3504165,no
6986652,yes
2256563,no
5151983,no
9206502,yes
9488690,yes
2388259,yes
6195844,no
6223081,yes
4355151,no
2063571,no
3523696,no
5394834,yes
4351343,yes
3102467,yes
5402136,yes
9019089,yes
9527852,no
4645096,yes
8880929,no
2296078,no
9132100,yes
1216688,yes
7659401,no
6077955,no
6419124,no
6912749,yes
7170052,yes
9937381,yes
7627446,yes
3388761,yes
4709490,no
6064415,no
7499236,no
4352955,no
7266256,yes
4370407,yes
4421152,yes
4635664,yes
5599343,yes
6554183,no
8503530,yes
1203547,no
5573778,no
4866615,yes
6814632,no
8156633,yes
8695275,no
5087940,no
7783590,yes
5549947,yes
8634233,yes
8712856,no
6659823,yes
7502844,yes
9758521,no
5225572,no
7606730,no
5314388,yes
2325164,yes
4408264,yes
1208618,yes
3077053,no
8395343,yes
1185443,yes
1300475,yes
2209459,no
4436016,yes
6127912,yes
2135584,yes
5672697,yes
8941637,yes
6533464,yes
3991074,yes
6595341,no
2293574,yes
2713109,yes
5212459,yes
5332452,yes
5418792,no
6744452,no
1524623,yes
3275214,no
9489224,yes
4815616,no
7005452,no
9040780,no
2897615,no
5322810,yes
3104489,yes
7991873,no
2360671,yes
5192493,yes
2317609,no
4377540,yes
3889235,yes
3563602,no
1722377,yes
5609658,no
6718695,yes
8318410,yes
4192166,yes
5667045,yes
5040972,yes
6637287,yes
9969157,yes
4153363,yes
6237188,no
2458100,yes
1782655,no
2342648,yes
9457726,yes
1705837,no
5142715,no
6638090,no
6689792,no
8644335,no
1526486,yes
6674814,no
3127095,no
5809400,yes
6363220,yes
4888592,yes
6831573,no
2661739,no
9910422,yes
7362842,yes
5659523,no
4160117,yes
4565593,yes
7554413,yes
8233460,yes
9297824,no
6869443,yes
4548093,no
7337616,no
2350114,yes
5951552,yes
4744861,yes
8147956,yes
4183802,no
7814047,no
2753826,no
2372930,yes
3657761,yes
3227237,yes
5415364,no
1130354,yes
7176765,yes
7728772,yes
2247485,yes
6977938,yes
1487569,yes
4435262,yes
4387468,yes
1642054,yes
5533813,no
2922121,no
1996745,no
7652752,yes
9646808,yes
6192358,yes
1059239,yes
1200744,no
6690873,yes
1297951,yes
4142332,no
1590562,yes
9174657,yes
2545042,no
5902612,no
4013314,yes
2531625,yes
6214238,yes
3054704,no
5474239,no
1418212,yes
3470326,no
6354863,no
7252671,yes
1140982,no
6177407,yes
8343780,yes
3194658,yes
2392394,no
6539218,yes
5335048,yes
6397872,no
9303055,yes
5754389,yes
1286280,no
4630179,no
9715876,yes
9129522,no
4242233,yes
4813496,yes
4287262,no
1873868,yes
7896530,no
2254207,yes
4859446,yes
6863633,yes
7299056,yes
8929811,no
7072371,no
3429025,no
7704348,yes
2841788,yes
9508939,yes
8791717,yes
9166263,yes
6683921,no
1742020,yes
9771665,yes
8581921,yes
4868149,no
8667686,yes
9001005,no
6394051,yes
7716806,yes
9539279,yes
4745571,no
8542418,no
3736073,no
2247838,yes
9653035,yes
4111538,yes
6181208,no
1401704,no
3395940,yes
8716225,yes
9373481,yes
7088989,yes
3436155,yes
4896612,no
3516107,yes
5084069,no
9401654,yes
3768936,yes
8273403,no
1199765,yes
5621406,yes
9123443,no
5886099,yes
7891320,yes
6396878,yes
8428488,no
4416648,no
5603755,yes
6202361,yes
7285228,yes
8360814,yes
9840167,no
7347112,no
4324260,no
3419191,yes
7200285,yes
6801849,yes
3694492,yes
4282360,no
4328218,no
5382303,no
9060417,yes
7949904,yes
4360025,no
6246523,yes
9718107,no
1702903,no
3726383,yes
9110187,no
6627996,yes
4075159,yes
1768358,no
3092057,yes
9270546,no
9416774,yes
5726180,yes
7559437,yes
9166215,no
3782738,yes
2549964,no
1722383,no
1614641,yes
9279781,yes
9567716,yes
7514596,yes
1336632,yes
1226224,yes
3421894,no
4809277,no
2296886,no
2841059,yes
7346176,yes
2480552,yes
6537248,yes
6583801,yes
1721569,yes
5170959,yes
3952296,yes
2401858,no
3218474,no
5942157,no
4083648,yes
5869775,yes
7128754,no
7462671,yes
3425822,yes
5085098,no
3357525,no
8219136,yes
3693719,yes
6976380,no
3037793,no
2675880,yes
7857408,no
6788458,yes
8596427,no
8909651,no
5401231,yes
8119017,yes
1014715,yes
2324117,yes
1604939,yes
2285863,no
4298940,yes
7377376,yes
8554085,no
5077707,no
9167322,no
1115048,yes
5633602,yes
2673226,yes
7044239,no
6892289,no
5599686,yes
4552972,yes
4700081,yes
8433091,no
5998304,yes
2671064,no
1467866,yes
5537299,yes
9376112,yes
5745810,no
5986026,yes
4845870,yes
9260378,no
9441541,yes
5788806,yes
8313679,yes
5458120,yes
5465232,no
7023319,yes
9423476,no
1087198,no
7556128,yes
6627857,yes
5972684,yes
8668309,no
1230639,yes
4249674,yes
9028212,yes
1619146,no
1123219,yes
5256038,yes
7069039,no
7005412,no
2905181,yes
5586001,yes
6855558,no
2516859,no
9543177,no
6587615,yes
6958193,yes
9577330,yes
8169169,yes
5600050,yes
3309036,yes
3329251,no
3357226,no
5804432,yes
7006904,yes
7343348,yes
8509371,yes
8038253,yes
9335425,no
3053592,no
1735486,no
7144868,no
5994439,yes
6364669,yes
9444443,no
2566060,no
1334211,no
2079256,no
9925722,yes
3019177,yes
2177324,no
1677955,yes
6292508,no
4687739,yes
5697135,yes
5397114,no
9586996,yes
2652486,no
5453466,yes
8239053,yes
2348853,yes
8413759,no
3852650,yes
1111690,yes
7596333,yes
5316504,yes
3577286,yes
1813442,yes
3247210,yes
9822935,no
3608203,yes
4382041,no
1101117,yes
7556888,yes
7671479,no
9988863,no
6641571,yes
7044357,yes
3319277,no
9633063,yes
4798782,yes
5474677,yes
9284052,no
9877680,yes
6867935,yes
1698302,no
1468284,yes
4645105,yes
5318388,yes
7305309,yes
5493131,no
8922295,no
8130769,yes
7695197,no
9019909,no
7756082,no
6865701,yes
2834456,no
7681720,yes
2817427,no
6509575,yes
7379306,yes
4700905,yes
2408173,no
5426593,yes
2880363,no
1825104,no
6547042,yes
3842581,yes
6859666,yes
5057779,yes
5836854,no
1766436,yes
6029072,no
3601328,yes
5215973,yes
6145087,yes
3656924,no
1035538,yes
6260518,yes
6328282,yes
8373893,no
6362730,no
6266398,yes
9727173,yes
8193377,yes
4837004,yes
7748499,no
7269542,yes
7329589,yes
3514210,yes
5409795,no
5094170,yes
4011256,yes
4583691,yes
3683024,yes
2707578,yes
4644154,yes
4062648,no
1227193,no
7631620,yes
5596244,yes
6519787,yes
1945714,no
5642192,yes
2486592,yes
6963947,yes
8704575,yes
7572878,no
2315564,no
1638336,no
8526001,yes
2446119,yes
3053781,yes
3828516,yes
9386895,no
1199151,no
4240232,yes
5317796,yes
4812766,yes
2975042,yes
3742888,no
6731261,yes
2379755,no
2953171,yes
5260708,yes
7417943,yes
1906467,no
3390699,yes
4552448,yes
1931041,yes
8069620,yes
4074908,no
6624739,yes
3940722,no
7763275,yes
5914446,no
3135705,yes
7479731,yes
5995815,yes
2131798,no
7081925,no
7799337,yes
8082223,yes
4372555,no
8294956,yes
4622302,no
9269604,no
5380926,yes
8547029,no
3493041,no
5634465,yes
7775234,no
7458388,yes
4609751,yes
5237851,no
2972390,yes
9965423,yes
2930853,no
2604559,yes
9540000,yes
2500275,no
9829600,no
2989771,yes
2706917,no
1127275,yes
2416367,no
2631809,no
2827629,no
3033608,no
3618045,no
4645073,no
5237326,no
5416060,yes
6640046,yes
6902708,no
7774625,no
7917867,no
9333658,no
5823012,yes
9371214,yes
3758009,yes
7947137,yes
7235054,no
7126493,no
4998162,no
7445409,no
4539222,yes
2526662,yes
6456119,no
7063600,no
3996927,yes
2666694,yes
3449233,yes
2324030,yes
8650050,yes
5999590,no
5524908,no
8079241,no
1538767,yes
5819298,no
7718749,no
9150478,yes
4879287,yes
6993554,no
6571773,yes
2585658,yes
6468123,no
6595468,no
2368652,yes
8059192,yes
4061874,no
7468281,no
6707135,no
9776506,no
2988340,yes
8800789,no
1376676,yes
4176005,no
1075380,yes
9503179,no
5621225,yes
1476830,yes
2239677,no
7064141,no
1017461,no
7051669,yes
9290080,no
4475294,yes
5876107,yes
4478768,yes
7061394,yes
1250570,no
7055227,yes
3879096,yes
5600515,yes
5208363,yes
8188248,yes
2195021,yes
5286901,yes
8477003,yes
5677224,no
8371792,yes
7094031,no
9926318,yes
1907480,yes
2631253,no
6515526,yes
4797137,yes
5264886,no
7586815,yes
9513223,yes
9198135,no
3242133,yes
1081924,yes
2365922,yes
4062323,yes
1591842,no
7269536,yes
4729649,no
3060248,no
7254781,no
4193251,no
1248350,yes
9354266,no
6738872,yes
8934923,no
9103244,yes
2605925,yes
5470981,no
5760593,no
1872139,no
2862285,yes
5152293,no
6659561,yes
9103376,yes
7978264,no
1533521,no
8744204,yes
3815172,yes
9826550,no
3174871,yes
2768944,no
3007716,yes
7505440,yes
7581827,yes
2369871,yes
7645203,yes
3648276,yes
2404831,no
8618100,yes
7577348,yes
8407881,no
5607082,no
2548683,no
6035658,yes
5511484,yes
8965139,no
6917666,yes
2887732,no
7269865,yes
2535110,yes
3461656,no
4452686,yes
9515913,no
2337885,no
9479203,yes
7465304,yes
5206924,yes
7067711,yes
4229558,no
1093208,no
2862482,no
3218533,yes
6313214,yes
7861258,yes
3546823,yes
4031256,no
8227963,no
5187030,no
3471476,yes
6514705,yes
6381932,no
6676461,no
8867275,yes
4434392,no
8274664,yes
7357653,yes
3941898,no
4266516,yes
7641446,yes
3291744,no
5411963,yes
5869644,no
9824930,yes
9989325,no
4849503,yes
8192463,yes
7457757,yes
8416286,no
9653587,yes
8011084,yes
3466855,yes
1705539,no
9860412,no
1513566,no
7150143,yes
7195103,yes
5522819,yes
8730299,yes
6111921,no
6136097,no
1574078,no
8802631,yes
2807687,yes
2311036,no
5683079,no
8126655,no
4118489,no
8166033,no
9280253,no
6151833,yes
4494224,yes
4586892,yes
6850036,no
6906626,no
5923373,yes
6236419,yes
6338695,yes
7836647,yes
8421053,no
5833612,yes
5082804,yes
1155558,yes
4721679,yes
7953421,no
4972872,yes
1304605,yes
1637068,yes
3127065,yes
1931469,no
9306845,yes
2852709,no
2427007,no
1719419,no
4555034,yes
6936530,yes
4981559,yes
5015482,yes
1024579,no
3544823,yes
6072572,yes
6953172,no
8538089,no
5635388,yes
2172066,no
4562552,yes
4507301,no
2751619,yes
1708644,no
2697830,yes
5346134,yes
7566801,yes
1886413,no
3861134,no
5535979,yes
9078738,yes
9347617,no
9528496,no
1001250,no
2356818,yes
7403728,yes
7025444,yes
4519300,no
3334733,no
2985381,no
7417067,no
6706310,no
9878034,yes
9606974,yes
8332830,no
1205117,no
7794975,yes
9007822,yes
5935181,no
3310858,yes
4391735,no
6960603,no
1408363,yes
2354726,yes
2414700,no
6444909,yes
7496360,yes
3559105,no
8597491,no
8167442,yes
5276105,no
6225116,no
3874528,yes
6351420,yes
1201578,no
9041671,yes
7264262,no
1893877,yes
1059315,no
8365424,no
3169239,yes
9003860,yes
4493435,yes
6959596,yes
3872932,no
2642989,no
9413393,yes
7961997,no
8206024,yes
3069681,no
1304171,no
9711939,no
3017172,yes
7372260,no
4441893,yes
3896962,no
9219706,yes
4024690,no
4232955,no
6918444,yes
6954815,no
9723956,yes
3214453,yes
9626604,no
2446507,yes
8423758,no
4491505,yes
7223732,yes
1362936,yes
1767206,yes
5262529,yes
3606344,no
7020407,no
4054744,no
8523215,yes
7903262,yes
8594421,yes
6870460,yes
5815496,no
6168387,yes
2013264,no
1692000,no
5745135,yes
6014787,yes
6475625,no
7421797,no
8380495,no
4063773,yes
7549488,no
8742379,no
6263368,yes
2003438,no
6869522,no
8641890,yes
8752616,yes
9808050,no
8633217,yes
9183092,yes
3026562,yes
6075798,yes
5039447,yes
9640617,yes
7287108,yes
8349264,no
2216628,yes
3181478,yes
3741025,no
5707964,yes
9170699,no
4181436,yes
7254067,yes
8903305,yes
9339083,yes
4050995,yes
2642626,yes
6159021,yes
5509000,no
6080444,yes
6983174,yes
6864317,no
3927322,yes
2362829,no
9976917,yes
6839973,no
2885889,yes
8593370,yes
4425646,yes
3718961,yes
5981401,yes
8839183,no
6309409,yes
8867115,yes
3642388,yes
8421777,no
6713966,no
3134216,no
6007572,yes
8270699,no
2022631,no
5707338,yes
9385122,no
4729373,no
3980217,yes
9542412,yes
2239415,yes
8961170,yes
6282495,yes
9218044,yes
3550982,yes
4259592,yes
6452995,yes
8352996,yes
7948345,yes
3933353,yes
4190991,yes
3376674,yes
3746685,no
3834637,no
9031285,yes
8197063,no
8591899,no
9650989,no
1809078,yes
5865055,yes
1497881,no
2673445,no
3761025,yes
5795920,no
8104230,no
9686725,no
9247637,no
6096616,no
6816193,yes
8348934,yes
9591743,yes
2439438,no
2509958,no
3421339,yes
8827642,yes
3153700,no
2199938,yes
9192053,yes
2604915,no
7618078,no
9070713,yes
8406018,yes
7301383,yes
2016538,yes
2464462,yes
6499407,yes
6603548,no
6167293,no
3081130,no
8274416,yes
1037976,no
5518405,yes
1103375,yes
6256072,yes
8269716,yes
3036848,no
5091470,no
1954271,no
8601383,no
6272650,yes
2693314,yes
4743417,yes
3353377,yes
3396819,no
4680321,no
8085336,yes
2851848,no
9865434,yes
3928850,no
5019125,no
4258178,no
8080365,no
3348302,no
8333286,yes
3497892,no
9401010,yes
2391031,no
3363460,no
9305751,yes
3107941,yes
3851577,yes
4460867,yes
2030091,no
1771639,no
2000835,yes
7396633,yes
5899114,yes
1549061,no
4364714,no
8707578,yes
4868706,no
7660346,no
7951467,yes
5801270,no
6518914,yes
9030817,yes
1804938,yes
7040402,no
2141547,yes
1473024,yes
3846873,no
6574618,no
5548844,no
7924358,yes
8174192,yes
8412842,yes
8969194,no
8457448,no
9147330,yes
8415498,yes
1452203,yes
4847807,yes
9862264,no
1883689,yes
9058245,yes
5904667,yes
5534416,yes
3386173,no
4693970,yes
6870464,yes
6874188,no
8756556,yes
1104016,yes
5030471,yes
3478769,yes
4275112,yes
8252779,no
8987394,yes
6953270,yes
4270365,no
1525367,no
4910610,no
9415798,yes
3734310,yes
8002070,no
5784619,yes
6443962,yes
8581320,yes
3193203,no
8768851,no
6733280,no
6790419,no
9848548,yes
3427301,no
6161323,no
5317395,no
4664443,yes
9884499,yes
8088260,yes
4388898,yes
9689680,no
3463135,no
7713811,yes
2037619,yes
9984319,yes
2425820,yes
4900357,no
5928846,no
6392079,yes
9767515,yes
1555036,yes
2943934,no
3166101,no
9905816,yes
8512723,yes
2032174,no
3782825,yes
2691676,yes
7995170,yes
2833141,yes
7191396,yes
8855660,yes
5089793,no
8172130,no
7130112,yes
2846777,no
9401295,no
7566251,yes
5697203,yes
6824454,no
4242311,no
6535144,yes
6118230,no
7186348,no
3234979,yes
4434652,no
1537794,yes
1678017,yes
7201575,no
5440849,no
8416212,yes
2104855,no
2800248,no
4182692,no
1768515,yes
1394789,no
6823644,no
2568419,yes
6971972,yes
2773057,yes
2047663,no
8859903,no
5874417,no
7153779,yes
2870494,no
5618471,no
1607493,yes
2073225,yes
1789788,no
3300067,no
7695225,no
7935819,no
8700721,yes
4297949,yes
8306395,no
7743559,no
1796404,yes
3869874,no
7547464,no
6762345,no
3730460,yes
2719663,yes
4199952,no
9291647,yes
9190265,yes
8955617,no
5537566,no
4543485,yes
4669093,yes
4961336,yes
7187006,yes
7839128,no
2485151,no
4010319,yes
5779541,yes
6574912,yes
8736185,yes
2833875,no
1752559,yes
3175969,yes
1109353,yes
6481098,no
9291210,yes
9587324,yes
5079583,yes
9238493,no
1131598,no
1507264,yes
1588209,no
9413181,no
4263266,yes
6668018,yes
5688987,yes
9979618,no
9141661,no
6251948,no
5738947,yes
4239305,no
6937952,yes
3133099,yes
1668352,yes
3367736,yes
6616236,no
6798954,no
3813670,no
5639442,no
6292311,no
4932022,no
7202248,yes
4498917,yes
8886928,yes
1290871,yes
2035097,no
7328761,no
8350791,yes
9403511,yes
4156078,no
8550799,no
3980403,yes
8758667,no
9833779,no
1900435,no
6484896,yes
1580812,yes
4249443,no
4239379,yes
4759511,no
9632745,no
7934245,yes
1515721,yes
7809120,yes
2677201,yes
8446491,no
7014035,no
3439235,no
3728517,yes
8644724,yes
3798519,yes
2238293,yes
8291660,yes
3269269,yes
5353722,yes
8727402,no
1653972,yes
4571818,no
2551235,yes
8888615,no
4274723,yes
9709328,no
5989600,yes
6922115,yes
1085260,no
1668258,yes
5487543,no
8162779,no
5098745,no
2096861,yes
3038343,yes
4703081,no
4739489,yes
5842418,yes
8301843,yes
8490675,yes
3273481,no
2625411,no
3252276,no
1630971,no
2479777,no
9017776,no
4034919,yes
7689720,no
7227798,yes
8280298,yes
9264574,no
1342268,yes
4966417,no
5057828,yes
9541996,no
2523567,no
5048528,no
9709944,no
4481989,no
6499310,yes
1546545,yes
7027247,yes
4322056,no
8775815,no
9445317,yes
4781458,yes
6877731,no
1227945,yes
2906811,yes
3042127,no
1814407,no
2104639,yes
8437689,yes
2002420,no
2924733,no
5656302,yes
5394129,yes
1242406,yes
5021198,yes
4885237,yes
6321098,yes
6180193,no
5971496,no
1734824,no
7985087,yes
7228507,yes
8154542,no
7583135,yes
8781093,yes
9274205,yes
7320769,yes
9147654,no
2760113,yes
8962163,yes
2923886,no
8187607,yes
9630931,no
4812402,no
1697869,no
6098010,yes
9833578,yes
5729185,yes
5325028,yes
5982992,no
7609425,yes
8954737,yes
2737184,yes
5518650,yes
9147468,no
4052205,yes
2913526,yes
1924935,no
6017227,no
8737820,yes
7069933,no
3458907,yes
9746349,yes
5673416,yes
9766875,yes
8183675,yes
1147387,yes
6374958,yes
9200208,yes
9327723,yes
3502422,yes
5312941,no
6046936,no
4780263,yes
6386428,yes
2351493,no
9610800,no
4251203,yes
6542000,yes
1994997,no
2534185,yes
9824814,no
8635042,yes
3583377,yes
6654644,no
3500271,yes
6606391,yes
7658436,no
1496258,yes
5192559,no
5576327,yes
1743420,no
8922154,yes
9287935,yes
5694521,no
9707508,yes
6559438,yes
8490908,yes
1229760,yes
6218409,yes
3584067,yes
3547916,no
4520799,no
8336615,yes
3325385,no
6449533,yes
1059891,yes
2612008,no
9426159,yes
1419911,yes
8834239,no
7517952,yes
4418761,yes
3841367,no
9446811,yes
1222964,yes
3977483,yes
7777063,no
6224036,no
3952487,no
8946605,yes
9327209,yes
3162113,yes
5457096,yes
5698949,no
6306422,no
5416742,no
1791149,yes
3984106,no
9582376,no
9469530,no
6307670,no
7819088,no
7162082,yes
5105296,yes
1514846,yes
2202984,no
8716086,no
6786910,no
5838114,no
7443567,no
5145287,no
4469327,no
9711139,yes
3353335,yes
6319239,no
4999694,yes
5313261,no
3267721,no
4397546,no
8553494,yes
8881247,yes
5951351,yes
7518451,yes
1784165,no
5742431,yes
6307974,no
6336923,yes
1282877,yes
2112963,no
4357477,no
2474767,yes
2023071,yes
1922002,no
7802872,no
3428798,no
3077734,yes
2086372,no
9341418,yes
3662096,no
5336160,no
1204485,yes
3882807,no
4147062,yes
5090721,no
6136952,yes
7766170,yes
6904637,yes
3149894,yes
5966722,no
6376862,yes
9458189,no
5627691,yes
2351799,no
4957115,yes
9844322,no
4635715,no
7248415,yes
6913690,yes
6602988,no
2620379,yes
9035286,yes
4663775,no
8997873,no
7169523,yes
1966536,yes
5429506,yes
8158345,yes
9904722,yes
3298175,yes
8815479,yes
5849759,yes
4063733,yes
6723835,yes
3451181,yes
4206437,yes
9726781,no
6308675,yes
5404870,no
1366796,yes
3478367,yes
6128350,yes
5364124,no
1798355,no
9265922,no
4540366,no
7740072,no
3914630,no
8741600,no
5575167,no
7994284,no
9316761,no
8329990,yes
3132946,no
3342846,yes
1676223,yes
2695432,no
3944089,yes
4000682,no
4296343,no
9476030,no
5113146,no
4000218,no
5409360,yes
8485629,yes
8851689,yes
2216052,yes
4017535,yes
8173604,yes
3589213,yes
9586812,yes
9050125,yes
1155868,no
6851101,no
5021920,yes
3495667,yes
7221892,no
7887226,yes
4939992,no
8803815,yes
7799655,no
3336272,no
7802864,no
8890820,no
2305417,no
4557788,no
8134508,no
5684184,yes
5501052,no
9818774,yes
9271124,yes
8691216,yes
1150918,yes
9070291,yes
1491368,yes
3524993,yes
6939200,yes
8169144,no
1198417,no
6028071,yes
3932391,yes
4043550,yes
4138158,no
5142441,no
6093250,yes
6845767,yes
7230483,no
8099474,yes
9658779,no
1103678,yes
3602797,yes
9215518,yes
1186047,yes
4961385,no
3124861,yes
6969437,yes
3727899,no
8690133,no
3124901,no
6181057,no
7730359,yes
9957724,yes
1631751,yes
8151357,yes
9384492,no
7115102,yes
3143487,yes
7925055,no
1969372,no
1736119,yes
6843469,yes
8597251,yes
8011773,no
2659909,yes
8411944,yes
3833559,no
4285491,no
8727870,yes
7176526,no
1442684,yes
1809957,yes
1884765,no
2963203,no
3262602,no
3542835,no
4052009,no
5156412,no
7228994,yes
7258128,yes
7595762,yes
8886142,no
9368441,no
8626439,no
6157458,yes
2803265,yes
6307019,yes
7903796,yes
4399400,yes
1073320,no
7563300,yes
9853632,yes
6728237,yes
7397864,no
1489306,yes
6554498,no
6418882,yes
9033940,no
4841648,yes
5478495,yes
9642642,yes
2517804,no
4742423,no
8797233,no
9958587,no
1960438,yes
5884806,no
7086158,no
3789475,yes
1361632,yes
8581551,yes
2374259,no
9865747,no
2328073,no
8272799,yes
3357547,yes
7350028,no
7958588,yes
1282858,no
2691788,yes
9573688,no
3395100,no
5436348,yes
3534623,yes
7887419,no
3225864,no
3858896,yes
2341108,yes
3467332,no
2546148,no
4787834,yes
6339712,yes
1553778,yes
5907005,yes
8125772,no
5364309,yes
7621956,no
5142403,no
3322264,no
7297037,no
1666060,no
3231201,yes
4687006,yes
5733736,yes
7262327,yes
6432442,yes
8431314,yes
4349173,yes
7399463,yes
8273543,no
6633091,yes
9794998,no
8433817,no
2820776,yes
2236563,no
4497046,yes
5924255,yes
1606903,no
9359861,no
5637557,yes
9026302,yes
4988414,no
6645817,no
8705329,yes
9371877,no
2036556,no
6437997,no
9829389,yes
6954183,yes
6582403,yes
2558607,no
2888228,yes
7184482,no
4357920,no
7047327,yes
3979681,no
2958444,yes
3271684,no
2496040,no
3168630,yes
8010312,yes
2573231,no
5123294,no
7522715,yes
5515633,no
4043970,no
1763447,no
8839337,yes
4808733,no
1346549,no
6436092,no
7131983,no
9058958,yes
5703084,yes
3650840,yes
8847695,no
5111328,yes
5066017,no
3773273,yes
9210503,no
3823199,yes
8974671,yes
4306946,yes
8218542,yes
4307937,no
4554742,no
9222482,no
2048387,yes
7496669,no
4500480,yes
6333689,no
1681172,yes
1228816,no
4712440,no
8524596,no
7085793,no
5498707,no
9302607,yes
6206182,no
1871319,no
2234462,no
6235947,no
8288417,no
8249703,yes
1223864,yes
1764861,no
6786242,no
4537175,no
6348999,no
1694998,yes
9528442,yes
7669151,no
1167100,yes
3000211,no
4673181,yes
7638804,no
4985896,no
1326576,yes
2159415,no
6591942,no
9234063,yes
1647179,yes
2066354,yes
9219650,no
3149926,no
3710784,yes
8723543,no
9677629,no
3414354,yes
9352857,no
6821663,no
3282268,yes
9308832,no
2979938,no
7442316,yes
7595483,no
3941379,yes
2563281,no
9640945,yes
6776821,no
9153626,no
1907550,yes
5537884,no
9726544,no
8351047,yes
9524511,no
5099278,no
6889607,yes
4954421,no
2341634,no
6138299,no
6587565,yes
5044118,yes
9329028,yes
8254827,no
3543509,no
1951790,no
3430745,yes
5640709,no
7501288,no
8206587,no
8587809,no
6036741,no
4448404,yes
2997458,yes
7336746,yes
4397759,no
5577585,yes
7980717,yes
8763831,yes
9379745,yes
3487637,no
2987188,no
6774173,no
8092601,no
4437148,yes
4973545,no
1977036,no
8104618,yes
9410629,yes
4199004,no
1782682,yes
7906314,no
7948787,no
7808594,yes
2306836,yes
2577466,no
7255218,no
8116417,no
2311750,no
4563383,no
9656288,yes
9788950,yes
7315946,no
1167250,yes
5434624,no
4515693,yes
6510900,yes
5102725,yes
3125590,yes
3057601,yes
3313558,yes
4779465,no
8602199,no
2653392,yes
1863182,no
9682959,yes
9547660,yes
7493428,no
5526932,no
8043040,no
5842004,yes
6452049,yes
7040710,yes
7240140,no
9164492,no
5943584,yes
3425859,no
3801537,no
9924304,no
3293894,no
2420974,no
5936226,yes
9573926,no
4706118,yes
4074565,no
2642640,no
8286141,yes
7343172,no
3156549,yes
3378844,no
1804914,yes
2465951,no
4192238,yes
7559169,yes
8826798,no
4945783,yes
7458592,no
6366939,no
2859357,no
3542753,no
6089493,no
7273656,no
7883435,no
9340447,yes
2993456,no
5004907,yes
8724529,no
8865984,yes
2361652,yes
7294938,no
8513684,no
4078153,no
5342888,yes
8736652,no
6330285,no
8410979,yes
4391019,yes
9541920,yes
2252335,yes
9125310,yes
7062920,yes
1458669,no
6208954,no
8196811,no
1722129,yes
5476578,no
1172035,yes
6877289,yes
4321585,yes
4918715,yes
1562455,yes
3815009,yes
6816742,no
2758263,yes
5764087,no
6678965,no
8435629,no
8924856,yes
7937089,no
5520226,no
5446713,yes
6005976,yes
7121380,no
3271760,yes
3730787,yes
6411983,no
2234509,no
2528920,no
1349287,yes
1778535,no
2953489,no
4372875,no
2360485,no
3408409,no
7768263,no
5759912,yes
8441734,no
9714448,yes
7079725,yes
3755084,no
5464724,no
5158894,yes
4080004,yes
5580923,no
5634079,yes
5789074,yes
6515996,yes
9826886,no
9644055,no
4029548,yes
3660506,yes
3425394,no
4853170,no
3345313,no
2924285,yes
2975538,yes
1941782,yes
9679120,no
1232079,no
5494899,no
4762939,yes
7460721,no
5786164,yes
5416984,no
7037440,yes
1397862,yes
4545558,no
4684571,yes
7274094,no
8620848,no
7266616,no
3024359,yes
4927631,yes
7440726,no
2272661,no
3185242,no
2214158,yes
8159448,no
8922748,yes
9585044,no
1723574,yes
1490810,no
9300516,no
1082447,yes
7039426,yes
6941523,no
5933186,no
6601494,yes
5812387,yes
8940349,no
9900645,no
6727857,no
5223376,no
4453595,yes
6813225,yes
7385923,yes
8463545,yes
3320258,yes
4296392,no
4387234,yes
4836526,no
7927199,no
5807987,no
7604537,yes
5768482,no
3660766,no
4149520,yes
6758178,no
6423142,yes
8839455,no
9777856,no
1056452,yes
7004372,yes
2063384,yes
7572862,no
2626358,yes
7287380,yes
3901323,yes
5817127,no
8377944,no
2404910,yes
8915094,yes
2122664,yes
7254491,no
3136909,no
5830810,no
6282202,no
2813141,yes
1609658,no
6218568,yes
8282044,no
4107663,yes
4183207,yes
9221832,no
2648421,yes
6167829,no
9086618,no
3632501,yes
3346373,no
2691920,yes
6099109,yes
6627697,yes
8631713,yes
8031318,yes
7068379,no
7456683,yes
1023172,yes
2474247,no
3484482,yes
7376577,no
7300881,no
3846398,yes
9190284,no
2970046,no
2371490,no
7261239,yes
7347641,yes
9688055,no
4976306,no
2251656,no
3867051,yes
3934420,no
3948947,yes
3988590,yes
2084813,no
5814476,yes
7825896,yes
6963018,no
7824944,yes
9726906,no
9385438,yes
9465858,no
7986138,yes
9428571,no
1109074,no
2863428,no
3836406,yes
3517088,no
9202544,no
4036514,yes
7757448,yes
9900120,no
4691896,no
7459109,yes
2806180,yes
5496268,yes
5132351,yes
1959454,yes
6777797,yes
8277448,yes
8481041,no
5660335,no
6649314,yes
3112577,no
6069719,no
4899499,no
3907741,no
7738506,no
1685888,no
6135577,yes
6642065,no
4451736,yes
4151942,yes
8596615,yes
5304725,yes
9896242,yes
6018639,no
3637416,no
3787214,no
4280247,no
1622909,no
7257039,yes
3778458,yes
5998900,no
7331001,no
7722859,yes
5715662,no
6617976,yes
7662247,no
4027208,yes
7947588,yes
5319895,yes
3287733,no
4913943,no
8795226,no
2481037,yes
3014947,no
4739433,yes
3281253,yes
9571588,yes
5643009,yes
9140721,no
8873049,no
9942804,no
2183079,no
6454102,no
7418851,no
3870772,no
7636648,yes
6373648,no
9514322,yes
6027091,yes
2817870,no
3762990,yes
9038413,no
4807057,yes
9912492,no
5081141,no
9740617,yes
8332601,no
2822445,no
5157710,no
4380063,yes
2569960,yes
4457192,yes
8210887,no
8544762,no
7078202,yes
9674794,yes
4269229,yes
1280992,yes
6005183,yes
5810712,no
1428968,yes
8555596,yes
8304421,no
3664631,no
6571134,yes
7578137,yes
6748952,yes
4468234,no
9918661,no
2211236,yes
1424960,no
9095563,no
2634693,yes
7763194,no
2432501,yes
1895355,no
3704088,yes
6217806,no
4857344,yes
7639287,yes
1894275,yes
6331304,yes
8914170,yes
9112640,no
2894790,yes
8512505,no
3893999,no
3083676,no
8830609,yes
9495899,yes
1841897,no
7513854,yes
1979158,no
6613401,yes
5069539,no
9368528,no
3986844,no
6154625,no
9613109,yes
2342407,no
7247329,yes
8340134,yes
4828564,no
9122877,yes
7427947,no
1895045,no
7009534,no
1769628,yes
8700015,no
4004668,yes
5160762,no
5943804,no
9859242,no
4228555,yes
4274352,yes
5787652,no
7232963,no
6579244,yes
4283998,yes
3272932,no
1909890,yes
7967341,yes
2536093,no
8338481,no
1249297,yes
7491290,yes
1267115,no
7298416,no
3219993,yes
1288756,no
6938058,no
2525930,no
6425168,yes
5073554,no
7035253,no
3727336,yes
3129579,yes
2556414,no
7117471,yes
2827518,no
2870236,no
5055356,yes
5858011,yes
4971032,yes
9593666,no
7491451,no
1061896,yes
6826545,yes
8815089,yes
8545429,yes
1311988,no
6105273,no
2329632,no
5832997,no
3850551,no
9273496,yes
2139797,no
4270565,yes
1715628,yes
6456183,no
5373342,yes
4773088,yes
3654376,yes
8268524,no
2181106,yes
8528743,yes
6989633,yes
2804216,yes
1310568,yes
5627516,no
4385045,no
5116180,yes
7571240,yes
9496142,yes
6802894,no
3702995,no
1085426,no
2408026,no
2910156,no
4429413,yes
6159009,no
8594162,no
9130095,yes
6267994,yes
1722143,yes
1010778,yes
9520776,yes
6636225,no
4328088,no
2304729,yes
2508734,yes
6736039,no
8300941,no
8434306,yes
8532425,yes
8605647,no
5983933,no
1330428,no
6132690,yes
4893029,yes
1798837,no
2585467,yes
3451986,no
5280065,no
7189629,no
9790689,yes
1016879,yes
4182993,no
6780856,no
8956670,no
6882216,yes
6253537,yes
1413718,no
2879284,no
3341632,yes
4095184,no
4584387,no
4944532,no
5278334,no
6656352,no
6763775,yes
7148268,no
7828206,no
7867237,no
1327263,yes
5355864,no
6813271,yes
5159396,no
4636657,yes
2779053,no
4630653,no
4703277,yes
4763766,no
1491836,no
4146490,yes
9330554,yes
5109472,no
5961853,yes
2459583,no
2393688,no
6807573,yes
3999716,no
6112773,no
9757825,no
7301338,yes
3754272,yes
5856078,no
1014970,yes
4492997,no
5198558,no
5209208,yes
9738460,yes
7800840,yes
8129602,yes
4312301,yes
1773073,no
8538663,yes
4336602,no
9296488,no
2489436,yes
6303483,yes
7214795,no
5201710,yes
9829172,no
5787722,no
7473313,no
5815708,no
5314311,yes
7984051,yes
9480294,no
5382161,no
3162289,no
8236754,yes
7788718,no
7758582,no
9064933,no
5808760,yes
4512978,yes
7951893,yes
4529238,no
4180789,yes
7429243,no
4349445,no
3231750,yes
2344737,no
8564875,yes
3560232,yes
9310062,no
8067093,yes
6726489,yes
6830311,no
5106716,yes
4323596,yes
6618537,yes
7438555,yes
3178661,no
3246167,no
1357947,yes
8053204,no
1946933,no
3082790,yes
5573542,no
6035610,no
9132609,no
4633955,no
6998919,no
4292701,yes
2114073,yes
9412607,yes
2038613,yes
6832886,no
7724534,yes
7817867,no
7907987,yes
3762523,no
4558953,yes
7527701,yes
6469404,no
3320775,yes
5960788,no
2315182,no
4584877,yes
6415831,yes
1560965,yes
4080179,no
8691921,no
8928527,no
9841450,no
7306683,yes
5075562,no
9633010,yes
8799171,yes
7597861,no
2178503,no
2839427,yes
3930314,no
4638655,no
4845261,no
4958027,no
8936479,yes
9790995,yes
3410282,yes
3601839,no
4176009,yes
7004948,no
7342282,yes
4772901,yes
6339535,no
6817827,yes
4814749,yes
8844802,no
1712385,yes
1611207,yes
3827203,yes
3077336,yes
1214556,yes
8904180,no
1093941,no
1887259,no
2882691,no
5064884,no
5938190,no
8541734,no
2544187,no
3404333,no
9039805,yes
2225161,yes
1705463,yes
1921569,yes
2675727,no
4702964,no
7732840,no
5947521,no
4258022,no
1176123,yes
3638023,no
2048796,no
8684251,no
4256293,yes
6639476,yes
6049753,yes
2045328,yes
6159445,no
9282398,yes
8555123,no
5638366,yes
8797593,no
3051615,yes
5298978,yes
5533587,yes
5524286,yes
4326338,yes
3872036,no
4047854,no
8698214,yes
1446831,yes
4671306,yes
5543045,yes
1482670,no
2388920,no
9772297,no
9988829,yes
6681781,yes
3998706,no
6130954,no
6835262,yes
7605581,yes
4046960,no
8405193,yes
7775258,yes
4668934,yes
3368074,no
2905847,no
5163523,yes
7204088,no
2569546,yes
2179122,no
8092019,no
9919794,no
5983463,yes
5732307,no
6503820,no
3083038,yes
3461825,no
2271021,yes
7438603,yes
2731582,yes
3519981,yes
5670641,yes
5748082,no
9564482,no
1082810,no
4190605,yes
4176333,yes
8582599,no
1715018,yes
1249512,no
9367835,no
1749942,yes
3958175,yes
2879306,no
6573584,yes
5499580,no
6605714,no
8719827,no
2069862,yes
7955446,no
6429568,yes
7838423,yes
4857021,no
6825926,yes
1447878,yes
5462876,yes
1149939,no
5031205,yes
5295180,yes
3922182,yes
8314734,no
2198707,yes
2374061,no
5991380,yes
6299572,no
7185388,yes
4643017,yes
6169577,yes
6125796,no
8681521,no
5486490,no
9874064,yes
5806513,no
2203329,yes
3463417,yes
8459715,yes
4050795,yes
1558731,no
8265628,yes
5434058,no
1586418,no
7829155,no
6457084,yes
8418341,no
7566774,yes
7661882,yes
5045787,yes
6343429,no
1872615,yes
6128896,no
5337934,yes
9204092,no
7530272,yes
9829380,no
1795533,yes
3280984,yes
7024392,no
8329723,yes
4054427,no
4441668,no
5376858,no
8166554,no
2758287,no
6791433,no
3552811,no
4496820,no
9229392,no
1734024,yes
6343679,no
8066715,no
7155938,no
3823911,yes
8666470,no
4393091,no
9772594,yes
2717521,no
9728466,no
3536480,yes
5502324,yes
6710385,no
9156889,yes
1379640,yes
6112109,yes
7109852,yes
2101798,no
4132646,no
8087445,yes
2866100,yes
9040252,no
5579367,no
4297303,no
9926393,no
1643771,no
6492391,no
6993860,no
4069854,yes
6086834,no
6716071,no
7153541,no
6363742,yes
3953816,yes
3765787,yes
4365004,yes
6999465,yes
2402929,no
5942489,yes
4090527,no
7149468,no
6809479,no
8284462,no
9911221,no
4225444,no
8550696,no
5784710,yes
3710927,yes
1981212,no
5409164,no
3745095,no
1014059,no
3161950,yes
7669478,yes
7134256,no
1514397,yes
9801565,no
5244322,yes
2354378,no
5831287,no
6661883,yes
3447932,yes
8921328,no
1314008,no
8611181,no
6422058,no
4806667,no
4207132,no
6921753,yes
4976331,no
4828682,yes
7533926,no
5348277,yes
3162693,no
6960643,no
8431172,yes
1783871,yes
2239662,no
2233780,no
3979037,yes
5113597,no
1403829,yes
5598887,no
6933811,no
3424418,no
4335710,no
5471512,yes
7146423,yes
5813863,yes
8755624,yes
7853726,yes
4991253,yes
2543920,no
3266928,no
9857245,yes
3661768,yes
2416113,yes
4178591,yes
7428540,yes
7375336,yes
5221299,no
9796992,yes
8072081,yes
8547966,yes
3366181,no
5450976,yes
2486450,no
9148212,yes
5729977,yes
7109020,no
1027496,yes
4508219,no
9193580,yes
3871100,yes
8357971,no
2720309,no
3229581,yes
3355311,no
5281050,no
6206404,no
6241100,no
7159553,yes
7916755,yes
7246393,no
2828021,yes
2411758,yes
5264500,yes
6288723,no
7687750,yes
9082576,yes
5346889,no
3622771,yes
5938888,yes
5221718,no
5574050,yes
6891924,yes
2356714,no
5613949,no
2230568,yes
3960530,yes
5723373,no
8650548,yes
6152140,no
7409037,no
2334806,no
4398475,no
9984506,no
7320268,yes
8058626,yes
5444989,yes
1088413,yes
4122475,no
8723287,no
1417496,no
9446663,no
3316223,no
4080166,no
8633581,yes
3113275,yes
8401427,no
6975908,yes
9789416,no
9333813,no
5755757,yes
2302895,yes
3317249,yes
7304036,yes
7823230,no
1464806,no
4601494,yes
5429118,yes
7864674,no
2064040,no
7729962,no
5840151,no
1677425,no
4744015,yes
4208075,no
2686993,yes
2934143,yes
5474567,no
8711381,no
9391799,no
7145896,yes
3562825,no
5363043,yes
3349419,yes
8200644,yes
1342635,yes
9562432,no
9710911,yes
4692274,no
1091799,no
2362389,yes
4295570,yes
2407908,no
4958245,no
5171752,yes
3061853,no
5696309,yes
3866012,yes
1078528,no
2864434,no
9495987,yes
6738922,no
8129295,yes
8130789,yes
3142137,no
5144816,yes
1158275,yes
1359397,no
6159850,yes
3783445,yes
2061109,yes
8160654,no
9044660,yes
6510349,no
2357013,yes
1036993,yes
5675593,no
2565415,no
8753845,no
2726232,no
7039159,no
2361351,yes
1457525,yes
5952383,yes
5271724,no
6785554,yes
7815631,yes
1541354,no
1618885,yes
5708170,yes
1471048,yes
6869275,no
5888385,no
2453507,no
8532817,yes
9533362,no
6131459,yes
7957097,no
4443113,yes
1129452,yes
2840899,yes
7695583,yes
9356885,yes
4513164,no
1260092,yes
7575713,no
8952347,yes
8053667,no
3254250,yes
4440679,yes
3068014,yes
9434635,no
7916215,yes
6636664,yes
9178506,yes
7565093,yes
5942995,yes
4621068,yes
4680253,no
4178052,yes
7824333,yes
3417189,no
8038227,no
7380331,no
6187352,no
7990827,no
8715934,no
4358574,yes
3333517,yes
5225887,no
8871456,no
9123739,yes
4209870,no
7045645,yes
9465188,no
5466085,no
6414091,yes
1020085,yes
7163122,no
6338297,no
2560277,yes
7022606,no
2989216,yes
2748144,yes
4264726,yes
1777932,yes
4180523,yes
2882119,yes
9770667,yes
9069895,no
3360910,no
1790646,no
1974440,no
6015211,no
2561477,no
1306988,no
9379486,no
3024703,no
2729256,yes
3554780,no
1776687,yes
8709217,yes
1186104,no
8255501,yes
8600969,no
5677522,no
2420127,yes
9650455,yes
3266259,yes
7129752,no
1997249,no
8911518,no
2308277,no
3338332,no
6116459,no
2190067,no
1513511,no
2366766,no
3893398,yes
6698873,no
1281050,no
3938099,yes
6660885,yes
7343736,yes
1654546,no
4989185,no
8289028,no
2384592,no
9680226,yes
8989120,no
2996373,no
5204833,no
3345269,yes
4731772,yes
2648875,yes
4419467,no
3916660,no
1257371,no
5215694,no
6570288,yes
1461768,no
1446190,yes
4986573,yes
5040940,yes
1227859,yes
7922464,no
3702562,yes
1100993,yes
3405075,no
3585808,yes
7479135,yes
1291490,no
4072059,no
9531019,no
7122808,yes
7306443,no
5538548,no
4613279,yes
4766472,no
4492524,yes
2944023,yes
4409514,yes
5695328,no
3173676,yes
6831651,yes
9426940,yes
3195559,no
1022126,no
1222022,no
8123365,no
2184898,yes
1621880,yes
7098215,yes
3708430,yes
8952374,yes
3268656,yes
8400586,no
6996645,yes
1524317,yes
1461661,yes
1877119,no
1482441,yes
4145837,no
2429779,no
3216320,yes
9649805,no
1628555,yes
1453194,no
5098445,no
8014949,yes
9967681,no
9482040,no
6342172,no
6012702,no
1398364,yes
5097178,yes
6928961,no
7317021,no
6069455,no
5768373,no
2184634,no
2338646,yes
3419524,no
3262964,yes
1302754,no
2719004,yes
4294444,yes
3321810,no
5355462,yes
5454660,yes
9271331,no
1556743,no
4314395,no
7439410,yes
8617860,no
8151371,yes
8636175,no
1712780,yes
3861600,no
5550964,yes
8413357,yes
7624153,no
9768666,yes
7131251,no
6490796,no
8690711,no
7536844,no
9717157,no
7961213,yes
1017485,yes
6911458,yes
8476854,yes
8366470,no
3009762,yes
7005827,no
2302975,no
6825980,no
9525363,yes
8257726,no
4754734,no
6029122,no
7288159,yes
7724501,yes
5003334,yes
1912697,no
9364358,yes
8605241,yes
6812421,no
6592339,yes
5515567,yes
8255793,no
5962489,no
8664090,no
6596555,yes
6807231,no
7236339,no
2157813,no
4892536,yes
6812553,no
3271430,no
6210984,yes
1829324,no
1992286,no
5410008,yes
3817147,no
8021243,no
5608784,yes
6936202,no
2682679,yes
5568317,no
2698924,no
4454780,no
5201013,no
5747576,no
6568728,no
6961732,yes
7952681,yes
7540266,yes
1693260,no
3955444,yes
2485017,yes
2216340,no
9536851,no
9766215,no
7317096,no
3338991,no
2838400,no
2930704,no
5522294,yes
9598760,no
6649888,yes
8149798,yes
4929953,no
9036789,no
9525193,no
2752164,yes
8479816,yes
6511299,no
4142487,no
5542479,no
9852045,yes
4071264,yes
4657104,no
2747334,yes
7317835,no
1695144,no
3230916,no
5804523,no
5874972,no
9077877,yes
7701416,yes
4948457,yes
7405759,yes
4932738,yes
6617740,yes
9222288,no
6434205,no
7407046,no
4526158,yes
2407010,no
8758796,yes
5749561,no
1430724,no
2204248,no
5237598,no
7770714,no
7200065,no
8837009,no
6339839,no
6855298,no
9175214,no
3394785,no
2600424,no
5345887,no
2659834,no
4657521,no
8376696,no
2130866,yes
3676955,yes
5148309,no
6740597,yes
4732519,yes
8782839,no
8773781,no
8381703,yes
2924606,no
3966245,no
8901444,yes
6359315,no
3702877,no
8970781,yes
8092663,no
2945699,yes
3817757,no
1838153,yes
8761046,yes
1416576,no
4275510,no
2793322,no
6485549,no
3969506,no
9913534,no
5306095,yes
9296754,no
1435575,yes
1041029,no
4549869,no
7336571,no
4579863,no
8839177,yes
2841541,no
4852958,no
2698442,yes
4798424,no
2363372,no
7423873,yes
3827962,yes
8638097,yes
3362278,yes
5157275,yes
8622462,no
8599691,yes
2290428,yes
4916642,no
8064631,yes
4513787,no
7249835,no
2410178,no
8888075,yes
4518270,yes
6533454,yes
7357621,yes
2781866,no
4042482,yes
9717794,no
2934331,no
3599117,no
1666687,no
7011390,no
5691066,yes
6960472,no
8115680,yes
1413510,no
5026004,no
6409651,yes
7404301,no
5432421,yes
9427636,yes
7399759,no
2653619,yes
1711849,no
2641733,no
8469054,no
1877126,no
2718312,no
4265609,no
5421563,yes
5674538,yes
2948157,yes
7335678,yes
5977889,no
9339235,yes
1178878,no
4763837,yes
2650297,no
4407375,yes
7859002,yes
8624823,yes
3929592,yes
4871934,no
2624176,no
4028815,yes
3573181,yes
2078598,no
3410582,no
8248851,no
6203049,no
8705483,no
2299584,yes
4848330,no
9363722,no
2947536,no
5097452,yes
6010032,yes
8454184,no
1116862,yes
6757748,yes
4635529,no
3553726,no
4385765,yes
1125965,yes
8706927,no
8379151,no
5192389,yes
3162671,no
1283203,yes
8391724,yes
9480785,yes
9052896,yes
7358795,no
9030024,no
2584817,yes
5307174,no
2626362,no
2119791,yes
6393378,no
7562935,no
1954620,no
2939426,no
3668808,yes
7020364,no
4353348,no
4765511,yes
9120282,no
8908302,yes
6811904,yes
5875962,yes
6995964,yes
8268009,yes
1472334,yes
5366277,yes
3252490,yes
2975841,no
9604675,no
2967027,no
5437057,yes
5531626,no
4254801,no
6105660,no
4812629,yes
5268926,yes
2256612,yes
1798331,yes
6753813,no
7572014,yes
2894117,no
2048804,no
5905965,no
2747340,no
8955083,no
7071380,no
9926668,yes
1121920,yes
2844402,no
6206298,yes
6989169,no
5939874,yes
9280701,yes
2830516,no
3939850,no
6932603,no
2079890,no
4666049,yes
9747732,no
7536970,yes
2298267,no
6826241,no
5561845,no
8589729,yes
4019639,no
4985055,no
9437703,no
5845761,no
3103810,no
8395142,yes
4108529,no
6087141,no
2521894,no
4367893,no
7986044,no
7412900,no
1765705,no
5547745,yes
3947305,no
6377752,yes
6359287,no
1114774,yes
4550290,yes
4453220,yes
6589949,yes
1978820,no
8043435,no
6385246,yes
1288306,no
2529270,yes
3083278,no
2530523,no
1755622,no
2721217,no
2105465,no
6024002,yes
1839785,yes
5288954,yes
2204150,no
4229664,no
6922084,no
8762705,yes
8806548,no
5886074,yes
7247791,yes
3905091,no
2599092,no
3342557,yes
6848851,no
8755002,yes
2483774,yes
1454279,no
2345397,yes
2512572,yes
9330732,no
9880949,no
5217706,yes
5970136,no
1739971,yes
6948792,no
5526067,yes
9588561,no
1990856,no
6074185,yes
5126849,no
8165172,no
3828733,yes
1155898,no
4402411,no
4084367,no
4799849,yes
8647446,no
6473717,yes
7658128,no
1560872,yes
6602682,yes
1609842,yes
9972242,no
8232842,no
7122832,yes
9467198,no
5201370,yes
7678561,no
1209215,no
3518867,no
4681170,yes
2137317,no
1760998,yes
8291949,no
6119133,yes
7656486,no
8605965,no
9521690,no
9788770,no
1887777,yes
8859152,no
3360307,no
9813557,no
2110319,yes
9653168,no
3918920,no
8903767,yes
5256081,yes
5224243,no
5248568,no
1141438,yes
4156688,no
6045384,yes
9195616,no
2995955,yes
7192454,yes
3318494,no
9356988,yes
9030292,yes
9093116,no
5856802,no
7357708,no
1802618,no
2606392,no
2943878,no
5901216,no
3251107,yes
3586426,no
4824883,no
9977630,no
9250594,no
5326855,no
9190333,no
9281883,yes
7021874,yes
6548719,yes
7094849,no
8663869,no
1335264,no
7825013,no
8515052,yes
8445968,yes
9186105,no
8085214,yes
2628046,no
2192736,no
5218200,no
1909838,yes
9981968,yes
5607812,no
9156476,no
6972906,yes
4120833,yes
8515297,no
1827316,no
4951667,yes
1184348,no
8618725,yes
4918829,no
3491811,yes
3281130,yes
8672039,no
4739301,yes
3874227,no
3901335,no
5109980,yes
8407552,yes
3445180,no
1969533,no
1422199,no
9729557,no
8464715,no
1315199,no
7674879,yes
4788255,yes
8398150,no
7337737,yes
3789214,yes
6160844,no
3157493,yes
3627297,no
7383608,no
8800315,yes
5689236,no
1034790,yes
4634637,no
8634195,yes
1486847,yes
1687506,no
2445673,yes
2397752,no
5887116,no
7164879,yes
4894809,no
5070405,no
1158077,no
9828673,no
1612421,yes
2959396,yes
5317746,no
5476377,no
6130564,yes
1663112,no
2737242,no
1280541,no
9047217,yes
4258785,no
7805638,no
6896990,yes
3299042,yes
5738539,no
8703714,no
6181754,yes
1733842,no
9445042,no
8446317,yes
1390998,no
9260745,no
4443432,no
5508812,no
4484954,no
8870766,yes
4559696,no
7773980,yes
8897308,yes
8337725,no
7935894,no
9237405,no
4785388,no
3518956,no
7369144,yes
1233067,yes
3175484,yes
3064267,no
9326206,no
5482388,no
4341871,yes
7921203,no
1468752,no
7291846,no
8909839,yes
4711673,no
2449384,no
9267511,yes
3238522,no
2819601,yes
4939192,no
3899999,yes
6928436,yes
5862973,no
6917107,no
7413052,no
9318459,yes
6302840,no
5894715,no
7644029,yes
4570838,no
2163028,no
9955522,no
2670940,no
6135684,yes
6503244,yes
9271780,no
9304651,yes
9461675,yes
2738894,yes
4536416,no
2925786,no
5192594,no
4273782,yes
3955093,no
4063677,yes
2088332,no
3333251,yes
5154400,no
7320192,no
3486560,yes
3726360,no
6633368,no
3154013,yes
5098307,yes
5940057,no
8128936,yes
2009513,yes
6287858,yes
3111574,no
3427972,no
2857353,no
3814487,yes
3279587,no
6240784,yes
3591627,yes
5997191,yes
9976014,yes
9625792,yes
8771867,yes
5886794,yes
4858140,yes
4249329,yes
7836584,yes
9139789,yes
6972194,yes
2554185,yes
1133840,yes
7040361,yes
3721911,yes
8493523,yes
5658871,yes
2301252,yes
2933444,yes
4152107,yes
2414386,yes
8460695,yes
5319496,yes
6153112,yes
3340223,yes
4407943,yes
9677216,yes
4309590,yes
2621455,yes
8642968,yes
1940427,yes
9058284,yes
4057011,yes
9698508,no
7515113,yes
9777393,yes
9768167,yes
6251645,yes
4369799,yes
9424440,yes
2959088,yes
9787892,yes
9340457,yes
4129541,yes
4968219,yes
3073321,yes
4198767,yes
8373706,yes
2761004,yes
1288388,yes
3816654,yes
4484715,yes
4461722,yes
3161021,yes
7179772,yes
9042474,yes
4465625,yes
8315205,yes
2780845,yes
8186306,yes
6675470,yes
8574170,yes
2587237,yes
